favorit inc.,https://cdn.discordapp.com/attachments/659878639461990401/733742239947161703/20200716_092001.JPG
FNX Airways,https://cdn.discordapp.com/attachments/733630678167584779/734528914122211428/Screenshot_20200616-075849_Yahoo_Mail.jpg
Trans Canada Airlines,https://cdn.discordapp.com/attachments/733630678167584779/734530308275437658/20200719_155542_0000.png
Blue Ridge Airways,https://imgur.com/a/fwPHj5G
Spandau Air,https://cdn.discordapp.com/attachments/733630678167584779/734546985838968942/Spandau.jpg
MarinaAir,https://cdn.discordapp.com/attachments/733630678167584779/734555552163692585/MarinaAir-Billboard-02.jpeg
AirQAZ,https://cdn.discordapp.com/attachments/733630678167584779/734567812307222628/PicsArt_07-20-12.41.27.jpg
Air Transcontinental,https://cdn.discordapp.com/attachments/733630678167584779/734596705663713333/image0.png
CallumAir,https://cdn.discordapp.com/attachments/733630678167584779/734646537044492348/Obamahedron.gif
Neon Indian Airline,https://cdn.discordapp.com/attachments/733630678167584779/734646733975322684/NeonIndianAirline.jpg
Serta Airlines,https://cdn.discordapp.com/attachments/733630678167584779/734648936513536010/SERTAA_POSTER_3.jpg
Pan Pacific Airlines,https://cdn.discordapp.com/attachments/733630678167584779/734650775254597662/poster.png
Splaxwell Air,https://cdn.discordapp.com/attachments/733630678167584779/734670381222330489/PosterMaker_20072020_124555.png
Dragun Air,https://cdn.discordapp.com/attachments/733630678167584779/734673272540758016/Polish_20200720_144954067.jpg
BulldogAir,https://cdn.discordapp.com/attachments/733630678167584779/734673732223631390/image0.jpg
Neonrider Air,https://cdn.discordapp.com/attachments/733630678167584779/734674155202412585/5b0f1c421ae6623a008b49ae-1
RN INDIAN AIRLINES,https://cdn.discordapp.com/attachments/733630678167584779/734679164258353152/20200719_170315.png
Hazz Airlines,https://cdn.discordapp.com/attachments/733630678167584779/734689742356086814/20200720_153224.png
Austrian Intl.,https://ibb.co/qRdV82r
Air Besten,https://cdn.discordapp.com/attachments/717424479676006497/734456788614905977/poster7_19_19735.png
NeonRider Air,https://cdn.discordapp.com/attachments/733630678167584779/734697439818154055/5b0f1c421ae6623a008b49ae
Fantasia Airlines,https://cdn.discordapp.com/attachments/733630678167584779/734708618506535002/20200719_213052.jpg
ZEYNEPSU,https://cdn.discordapp.com/attachments/733630678167584779/734708631123263548/20200526_195457.jpg
FUJIAN AIRLINE,https://cdn.discordapp.com/attachments/733630678167584779/734712967492403250/tenor.gif
Coolzone Airways,https://cdn.discordapp.com/attachments/733630678167584779/734722761498558553/AddText_07-20-04.13.05.jpg
ROYAL GO,https://cdn.discordapp.com/attachments/733630678167584779/734732473803603988/Photo_1588668597919.png
LUFTSCHLOSS,https://cdn.discordapp.com/attachments/733630678167584779/734740229801508904/AIR-FRANCE.jpg
Connecting Korea,https://cdn.discordapp.com/attachments/733630678167584779/734740835773579354/AddText_07-20-05.25.26.jpg
Balochistan Airlines,https://cdn.discordapp.com/attachments/733630678167584779/734741155811557426/Photo_1595246172992.jpg
Rendezvous,https://cdn.discordapp.com/attachments/733630678167584779/734741948375760946/SmartSelect_20200719-153304_WhatsApp.jpg
Elpida Airlines,https://cdn.discordapp.com/attachments/733630678167584779/734743381221179392/Pastel_Vintage_Bike_Facebook_Cover.png
AirVille Company,https://cdn.discordapp.com/attachments/733630678167584779/734743446064988300/Logo_AirVilleCompany_1.png
Airlines Mota,https://cdn.discordapp.com/attachments/733630678167584779/734754865842225222/Airlines_Mota.jpg
Fath Airlines,https://cdn.discordapp.com/attachments/733630678167584779/734771184377528340/PicsArt_07-20-10.57.41.jpg
TOYOTA - AIR,https://cdn.discordapp.com/attachments/733630678167584779/734819737737101462/toyota2.png
Sra. Mota Inc.,https://cdn.discordapp.com/attachments/733630678167584779/735244512154091551/Sra_Mota.jpg
Air Exousia,https://cdn.discordapp.com/attachments/733630678167584779/735375760788947024/20200722_112106_0000.png
3J AIR,https://cdn.discordapp.com/attachments/733630678167584779/735504884115177492/3J_AIR_POSTER.png
RaghavAirLines,https://cdn.discordapp.com/attachments/733630678167584779/735512861433921686/image0.png
Papercraft,https://cdn.discordapp.com/attachments/733630678167584779/735534282054828042/Poster.jpg
Atlantica Brasil,https://ibb.co/dBYBLcX
AURORA_AIR,https://cdn.discordapp.com/attachments/733630678167584779/735577764089954345/Photo_1595444453785.jpg
FlyBudget,https://cdn.discordapp.com/attachments/733630678167584779/735608296102297680/flyBudget.png
_SINGAPORE AIRLINES_,https://cdn.discordapp.com/attachments/733630678167584779/735777098416783390/45967cc4ae26ba338601560b18d3f329.jpg
aUsSiE_aIrLiNeS,https://cdn.discordapp.com/attachments/733630678167584779/735777400629100546/unnamed.jpg
Ohana by Hawaiian,https://cdn.discordapp.com/attachments/733630678167584779/735934785100447744/20200723_115606.jpg
Bloody Hunter,https://cdn.discordapp.com/attachments/733630678167584779/736115187521683466/Photo_1595573836630.jpg
Airisair,https://cdn.discordapp.com/attachments/733630678167584779/736125844879048704/airisair_competition.png
Fly ArmAns,https://cdn.discordapp.com/attachments/733630678167584779/736129026141192252/IMG_20200724_093328.jpg
Panthera Leo Air,https://cdn.discordapp.com/attachments/733630678167584779/736273705063284776/12131-NO7ZEN_1.png
FLYOURAIR,https://cdn.discordapp.com/attachments/733630678167584779/736619320666488832/FLYOURAIR_02.jpg
Hibara Airlines,https://cdn.discordapp.com/attachments/733630678167584779/736633059725541437/465107d4-36cd-4d04-8271-2c848f01d05a
Air Surati,https://cdn.discordapp.com/attachments/733630678167584779/736988926706843768/image0.png
Prime Air,https://cdn.discordapp.com/attachments/733630678167584779/736994704570187856/WIIP_Prime_Air.png
Fly Delux,https://cdn.discordapp.com/attachments/733630678167584779/737039322955513869/poiuytrdfcgvbh.png
